model,test_roc_auc,test_pr_auc,test_brier_score
Markov LR,0.7658550137027443,0.3740839734217545,0.19235478511564874
Markov RF,0.7538531616423271,0.3664140779394028,0.15443774945910613
