cutoff,severity_score_cutoff
q25_state0_to_1,0.07818181818181823
q50_state1_to_2,0.1252331002331003
q75_state2_to_3,0.18031002331002333
