model,model_family,tuning_objective,split,roc_auc,pr_auc,accuracy,precision,recall,f1,brier_score,threshold,fit_seconds,best_cv_score,actual_xgb_device,best_validation_selection_score
xgboost_auc_optimized,gradient_boosted_trees,cv_roc_auc,external_test,0.8751751323347223,0.5844445764936098,0.8805,0.6903914590747331,0.3316239316239316,0.44803695150115475,0.08696964817328842,0.5,1196.4976830482483,0.8601831637387161,cuda,
mlp,feed_forward_neural_network,internal_val_auc_minus_brier_penalty,external_test,0.866850871594649,0.5461395141452586,0.85075,0.4915492957746479,0.5965811965811966,0.538996138996139,0.09093751581891249,0.30999999999999994,57.604204177856445,,,0.8426885003361263
logistic_regression,linear,cv_roc_auc,external_test,0.8631117117793548,0.5482791096943646,0.78125,0.37670068027210885,0.7572649572649572,0.5031232254400908,0.1497733609042429,0.5,116.17394757270813,,,
