model,n,threshold,mortality_rate,predicted_positive_rate,mean_predicted_risk,auroc,auprc,brier,accuracy,precision,recall,f1
XGBoost,4000,0.5,0.14625,0.284,0.34443039013119414,0.8668083242607401,0.5499914567334855,0.1397646816945134,0.79125,0.3899647887323944,0.7572649572649572,0.5148169668797211
Random Forest,4000,0.5,0.14625,0.142,0.2577783165712153,0.8548139805533657,0.5086778567699014,0.10851440361383165,0.86125,0.5264084507042254,0.5111111111111111,0.5186470078057241
