,LR coef.,SVM coef.,XGB gain,XGB perm.
LR coef.,1.0,0.42857142857142855,0.08108108108108109,0.05263157894736842
SVM coef.,0.42857142857142855,1.0,0.08108108108108109,0.02564102564102564
XGB gain,0.08108108108108109,0.08108108108108109,1.0,0.17647058823529413
XGB perm.,0.05263157894736842,0.02564102564102564,0.17647058823529413,1.0
